<?xml version="1.0" encoding="UTF-8"?>
<project-private xmlns="http://www.netbeans.org/ns/project-private/1">
    <editor-bookmarks xmlns="http://www.netbeans.org/ns/editor-bookmarks/2" lastBookmarkId="0"/>
    <open-files xmlns="http://www.netbeans.org/ns/projectui-open-files/2">
        <group>
            <file>file:/C:/Users/sanni/Documents/NetBeansProjects/ed_taller10_grafos/src/edu/jdc/modelos/Nodo.java</file>
            <file>file:/C:/Users/sanni/Documents/NetBeansProjects/ed_taller10_grafos/src/edu/jdc/vista/IOmanager.java</file>
            <file>file:/C:/Users/sanni/Documents/NetBeansProjects/ed_taller10_grafos/src/edu/jdc/modelos/Graphs.java</file>
            <file>file:/C:/Users/sanni/Documents/NetBeansProjects/ed_taller10_grafos/src/edu/jdc/Run/Runner.java</file>
            <file>file:/C:/Users/sanni/Documents/NetBeansProjects/ed_taller10_grafos/src/edu/jdc/controlador/controller.java</file>
        </group>
    </open-files>
</project-private>
