<?xml version="1.0" encoding="UTF-8"?>
<project-private xmlns="http://www.netbeans.org/ns/project-private/1">
    <editor-bookmarks xmlns="http://www.netbeans.org/ns/editor-bookmarks/2" lastBookmarkId="0"/>
    <open-files xmlns="http://www.netbeans.org/ns/projectui-open-files/2">
        <group>
            <file>file:/C:/Users/osqui/OneDrive/Documentos/NetBeansProjects/GestorNavegacion/src/edu/jdc/main/Programa.java</file>
            <file>file:/C:/Users/osqui/OneDrive/Documentos/NetBeansProjects/GestorNavegacion/src/edu/jdc/vista/VistaHistorial.java</file>
            <file>file:/C:/Users/osqui/OneDrive/Documentos/NetBeansProjects/GestorNavegacion/src/edu/jdc/modelo/PaginaWeb.java</file>
            <file>file:/C:/Users/osqui/OneDrive/Documentos/NetBeansProjects/GestorNavegacion/src/edu/jdc/controlador/HistorialNavegacion.java</file>
        </group>
    </open-files>
</project-private>
